{
  "DATA": 0.8571428571428572,
  "HORARIO-FIM": 0.8000000000000002,
  "HORARIO-INICIO": 1.0,
  "LOCAL": 0.975609756097561,
  "NUMERO-ATA": 0.9803921568627451,
  "PARTICIPANTE-PRESIDENTE-PRESENTE": 0.9787234042553191,
  "PARTICIPANTE-PRESIDENTE-SUBSTITUIDO": 0.0,
  "PARTICIPANTE-VEREADOR-AUSENTE": 0.6666666666666667,
  "PARTICIPANTE-VEREADOR-PRESENTE": 0.9783783783783783,
  "PARTICIPANTE-VEREADOR-SUBSTITUIDO": 0.25,
  "TIPO-REUNIAO-EXTRAORDINARIA": 1.0,
  "TIPO-REUNIAO-ORDINARIA": 1.0
}