{
  "macro_precision": 0.8048790574282148,
  "macro_recall": 0.8389344262295082,
  "macro_f1": 0.8162199120822372,
  "micro_precision": 0.9576271186440678,
  "micro_recall": 0.9630681818181818,
  "micro_f1": 0.9603399433427762
}