{
  "macro_precision": 0.7295318352059925,
  "macro_recall": 0.7597677595628416,
  "macro_f1": 0.7339641396724894,
  "micro_precision": 0.9548022598870056,
  "micro_recall": 0.9602272727272727,
  "micro_f1": 0.9575070821529744
}