{
  "DATA": 1.0,
  "HORARIO-FIM": 0.8000000000000002,
  "HORARIO-INICIO": 1.0,
  "LOCAL": 0.9523809523809523,
  "NUMERO-ATA": 0.9600000000000001,
  "PARTICIPANTE-PRESIDENTE-PRESENTE": 1.0,
  "PARTICIPANTE-PRESIDENTE-SUBSTITUIDO": 0.0,
  "PARTICIPANTE-VEREADOR-AUSENTE": 0.8421052631578948,
  "PARTICIPANTE-VEREADOR-PRESENTE": 0.9807162534435262,
  "PARTICIPANTE-VEREADOR-SUBSTITUIDO": 0.6666666666666666,
  "TIPO-REUNIAO-EXTRAORDINARIA": 1.0,
  "TIPO-REUNIAO-ORDINARIA": 1.0
}