{
  "macro_precision": 0.8267547267547268,
  "macro_recall": 0.8884638737097753,
  "macro_f1": 0.8501557613040865,
  "micro_precision": 0.9551820728291317,
  "micro_recall": 0.96875,
  "micro_f1": 0.9619181946403385
}