{
  "macro_precision": 0.7652599173875769,
  "macro_recall": 0.7398936170212765,
  "macro_f1": 0.731328735784229,
  "micro_precision": 0.9479768786127167,
  "micro_recall": 0.956268221574344,
  "micro_f1": 0.9521044992743105
}