{
  "macro_precision": 0.8111777861777861,
  "macro_recall": 0.8398404255319148,
  "macro_f1": 0.8218571566249376,
  "micro_precision": 0.9507246376811594,
  "micro_recall": 0.956268221574344,
  "micro_f1": 0.9534883720930233
}