{
  "macro_precision": 0.7683075502928446,
  "macro_recall": 0.7223404255319149,
  "macro_f1": 0.723502115493129,
  "micro_precision": 0.9469026548672567,
  "micro_recall": 0.9358600583090378,
  "micro_f1": 0.9413489736070382
}