{
  "macro_precision": 0.7215252992582801,
  "macro_recall": 0.7588418336369157,
  "macro_f1": 0.7340557147640645,
  "micro_precision": 0.9576271186440678,
  "micro_recall": 0.9630681818181818,
  "micro_f1": 0.9603399433427762
}