{
  "macro_precision": 0.7409615384615384,
  "macro_recall": 0.7611566484517304,
  "macro_f1": 0.7481152766311686,
  "micro_precision": 0.9548022598870056,
  "micro_recall": 0.9602272727272727,
  "micro_f1": 0.9575070821529744
}