{
  "DATA": 0.8846153846153846,
  "HORARIO-FIM": 0.85,
  "HORARIO-INICIO": 0.8333333333333334,
  "LOCAL": 0.975609756097561,
  "NUMERO-ATA": 0.9615384615384615,
  "PARTICIPANTE-PRESIDENTE-PRESENTE": 0.9583333333333334,
  "PARTICIPANTE-PRESIDENTE-SUBSTITUIDO": 0.0,
  "PARTICIPANTE-VEREADOR-AUSENTE": 0.64,
  "PARTICIPANTE-VEREADOR-PRESENTE": 0.9731182795698924,
  "PARTICIPANTE-VEREADOR-SUBSTITUIDO": 0.28571428571428575,
  "TIPO-REUNIAO-EXTRAORDINARIA": 0.0,
  "TIPO-REUNIAO-ORDINARIA": 0.9500000000000001
}