{
  "DATA": 0.8518518518518519,
  "HORARIO-FIM": 0.85,
  "HORARIO-INICIO": 0.8333333333333334,
  "LOCAL": 0.9523809523809523,
  "NUMERO-ATA": 0.9259259259259259,
  "PARTICIPANTE-PRESIDENTE-PRESENTE": 0.92,
  "PARTICIPANTE-PRESIDENTE-SUBSTITUIDO": 0.0,
  "PARTICIPANTE-VEREADOR-AUSENTE": 0.5333333333333333,
  "PARTICIPANTE-VEREADOR-PRESENTE": 0.9836956521739131,
  "PARTICIPANTE-VEREADOR-SUBSTITUIDO": 0.3333333333333333,
  "TIPO-REUNIAO-EXTRAORDINARIA": 0.0,
  "TIPO-REUNIAO-ORDINARIA": 0.9047619047619048
}