{
  "GLOBAL": {
    "DATA": 0.9583333333333334,
    "HORARIO-FIM": 0.9230769230769231,
    "HORARIO-INICIO": 1.0,
    "LOCAL": 1.0,
    "NUMERO-ATA": 1.0,
    "PARTICIPANTE-PRESIDENTE-PRESENTE": 0.9387755102040816,
    "PARTICIPANTE-PRESIDENTE-SUBSTITUIDO": 0.0,
    "PARTICIPANTE-VEREADOR-AUSENTE": 0.75,
    "PARTICIPANTE-VEREADOR-PRESENTE": 0.9783783783783783,
    "PARTICIPANTE-VEREADOR-SUBSTITUIDO": 0.3333333333333333,
    "TIPO-REUNIAO-EXTRAORDINARIA": 0.0,
    "TIPO-REUNIAO-ORDINARIA": 0.9500000000000001
  }
}