{
  "macro_precision": 0.7395090289827132,
  "macro_recall": 0.7443971631205674,
  "macro_f1": 0.7359914565271707,
  "micro_precision": 0.9615384615384616,
  "micro_recall": 0.9475218658892128,
  "micro_f1": 0.9544787077826725
}