{
  "macro_precision": 0.7782971859058816,
  "macro_recall": 0.822565011820331,
  "macro_f1": 0.7967866178729558,
  "micro_precision": 0.9250720461095101,
  "micro_recall": 0.9358600583090378,
  "micro_f1": 0.9304347826086955
} 