{
  "DATA": 1.0,
  "HORARIO-FIM": 0.8000000000000002,
  "HORARIO-INICIO": 0.9583333333333334,
  "LOCAL": 0.9523809523809523,
  "NUMERO-ATA": 0.9795918367346939,
  "PARTICIPANTE-PRESIDENTE-PRESENTE": 1.0,
  "PARTICIPANTE-PRESIDENTE-SUBSTITUIDO": 0.0,
  "PARTICIPANTE-VEREADOR-AUSENTE": 0.761904761904762,
  "PARTICIPANTE-VEREADOR-PRESENTE": 0.9834254143646408,
  "PARTICIPANTE-VEREADOR-SUBSTITUIDO": 0.7272727272727273,
  "TIPO-REUNIAO-EXTRAORDINARIA": 1.0,
  "TIPO-REUNIAO-ORDINARIA": 1.0
}