{
  "macro_precision": 0.8216610740283924,
  "macro_recall": 0.8849916514875531,
  "macro_f1": 0.846909085499259,
  "micro_precision": 0.9550561797752809,
  "micro_recall": 0.9659090909090909,
  "micro_f1": 0.96045197740113
}