{
  "macro_precision": 0.8390766640766641,
  "macro_recall": 0.8940118397085609,
  "macro_f1": 0.8629731295640387,
  "micro_precision": 0.957983193277311,
  "micro_recall": 0.9715909090909091,
  "micro_f1": 0.9647390691114245 
}