{
  "macro_precision": 0.7215252992582801,
  "macro_recall": 0.7505085003035822,
  "macro_f1": 0.7301083463430119,
  "micro_precision": 0.9573863636363636,
  "micro_recall": 0.9573863636363636,
  "micro_f1": 0.9573863636363636
}