{
  "DATA": 0.816326530612245,
  "HORARIO-FIM": 0.8292682926829269,
  "HORARIO-INICIO": 0.9090909090909091,
  "LOCAL": 0.9268292682926829,
  "NUMERO-ATA": 0.9615384615384615,
  "PARTICIPANTE-PRESIDENTE-PRESENTE": 1.0,
  "PARTICIPANTE-PRESIDENTE-SUBSTITUIDO": 0.0,
  "PARTICIPANTE-VEREADOR-AUSENTE": 0.5384615384615384,
  "PARTICIPANTE-VEREADOR-PRESENTE": 0.9706666666666668,
  "PARTICIPANTE-VEREADOR-SUBSTITUIDO": 0.4,
  "TIPO-REUNIAO-EXTRAORDINARIA": 0.0,
  "TIPO-REUNIAO-ORDINARIA": 0.8444444444444443
}