{
  "macro_precision": 0.7179230196999805,
  "macro_recall": 0.695951536643026,
  "macro_f1": 0.6830521759824896,
  "micro_precision": 0.905982905982906,
  "micro_recall": 0.9271137026239067,
  "micro_f1": 0.9164265129682996
}