{
  "GLOBAL": {
    "DATA": 0.8333333333333334,
    "HORARIO-FIM": 0.8095238095238095,
    "HORARIO-INICIO": 1.0,
    "LOCAL": 0.9047619047619048,
    "NUMERO-ATA": 0.9259259259259259,
    "PARTICIPANTE-PRESIDENTE-PRESENTE": 1.0,
    "PARTICIPANTE-PRESIDENTE-SUBSTITUIDO": 0.0,
    "PARTICIPANTE-VEREADOR-AUSENTE": 0.4375,
    "PARTICIPANTE-VEREADOR-PRESENTE": 0.9732620320855615,
    "PARTICIPANTE-VEREADOR-SUBSTITUIDO": 1.0,
    "TIPO-REUNIAO-EXTRAORDINARIA": 0.0,
    "TIPO-REUNIAO-ORDINARIA": 0.7307692307692307
  }
}