{
  "GLOBAL": {
    "DATA": 0.9583333333333334,
    "HORARIO-FIM": 0.85,
    "HORARIO-INICIO": 0.9090909090909091,
    "LOCAL": 0.9,
    "NUMERO-ATA": 0.9803921568627451,
    "PARTICIPANTE-PRESIDENTE-PRESENTE": 0.9787234042553191,
    "PARTICIPANTE-PRESIDENTE-SUBSTITUIDO": 0.0,
    "PARTICIPANTE-VEREADOR-AUSENTE": 0.6153846153846154,
    "PARTICIPANTE-VEREADOR-PRESENTE": 0.9784946236559139,
    "PARTICIPANTE-VEREADOR-SUBSTITUIDO": 0.28571428571428575,
    "TIPO-REUNIAO-EXTRAORDINARIA": 0.0,
    "TIPO-REUNIAO-ORDINARIA": 0.9500000000000001
  }
}