{
  "macro_precision": 0.69975812231247,
  "macro_recall": 0.7101182033096927,
  "macro_f1": 0.7005111106914268,
  "micro_precision": 0.9385964912280702,
  "micro_recall": 0.9358600583090378,
  "micro_f1": 0.9372262773722627
}