{
  "DATA": 0.9411764705882353,
  "HORARIO-FIM": 0.8000000000000002,
  "HORARIO-INICIO": 0.9090909090909091,
  "LOCAL": 1.0,
  "NUMERO-ATA": 0.9795918367346939,
  "PARTICIPANTE-PRESIDENTE-PRESENTE": 1.0,
  "PARTICIPANTE-PRESIDENTE-SUBSTITUIDO": 0.0,
  "PARTICIPANTE-VEREADOR-AUSENTE": 0.6428571428571429,
  "PARTICIPANTE-VEREADOR-PRESENTE": 0.9757412398921832,
  "PARTICIPANTE-VEREADOR-SUBSTITUIDO": 0.3333333333333333,
  "TIPO-REUNIAO-EXTRAORDINARIA": 0.0,
  "TIPO-REUNIAO-ORDINARIA": 0.9500000000000001
}