{
  "macro_precision": 0.7180758221741829,
  "macro_recall": 0.7221749408983452,
  "macro_f1": 0.7109825777080415,
  "micro_precision": 0.9415204678362573,
  "micro_recall": 0.9387755102040817,
  "micro_f1": 0.9401459854014599
}