{
  "macro_precision": 0.7164300124146492,
  "macro_recall": 0.7403233151183971,
  "macro_f1": 0.7242486049377588,
  "micro_precision": 0.9546742209631728,
  "micro_recall": 0.9573863636363636,
  "micro_f1": 0.9560283687943263
}