{
  "macro_precision": 0.7182157267003636,
  "macro_recall": 0.754675166970249,
  "macro_f1": 0.7333037126422651,
  "micro_precision": 0.9575070821529745,
  "micro_recall": 0.9602272727272727,
  "micro_f1": 0.9588652482269504
}