{
  "GLOBAL": {
    "DATA": 1.0,
    "HORARIO-FIM": 1.0,
    "HORARIO-INICIO": 1.0,
    "LOCAL": 0.9523809523809523,
    "NUMERO-ATA": 0.9600000000000001,
    "PARTICIPANTE-PRESIDENTE-PRESENTE": 0.9787234042553191,
    "PARTICIPANTE-PRESIDENTE-SUBSTITUIDO": 0.0,
    "PARTICIPANTE-VEREADOR-AUSENTE": 0.7999999999999999,
    "PARTICIPANTE-VEREADOR-PRESENTE": 0.9835164835164836,
    "PARTICIPANTE-VEREADOR-SUBSTITUIDO": 0.888888888888889,
    "TIPO-REUNIAO-EXTRAORDINARIA": 0.0,
    "TIPO-REUNIAO-ORDINARIA": 0.9473684210526316
  }
}