{
  "macro_precision": 0.767227014084749,
  "macro_recall": 0.8222525804493017,
  "macro_f1": 0.7925731791745231,
  "micro_precision": 0.9635854341736695,
  "micro_recall": 0.9772727272727273,
  "micro_f1": 0.9703808180535967
}