{
  "macro_precision": 0.8559838554080127,
  "macro_recall": 0.9014344262295082,
  "macro_f1": 0.8742754676377927,
  "micro_precision": 0.9606741573033708,
  "micro_recall": 0.9715909090909091,
  "micro_f1": 0.9661016949152541
} 