{
  "GLOBAL": {
    "DATA": 0.8627450980392156,
    "HORARIO-FIM": 0.9,
    "HORARIO-INICIO": 1.0,
    "LOCAL": 1.0,
    "NUMERO-ATA": 0.9803921568627451,
    "PARTICIPANTE-PRESIDENTE-PRESENTE": 0.9583333333333334,
    "PARTICIPANTE-PRESIDENTE-SUBSTITUIDO": 0.0,
    "PARTICIPANTE-VEREADOR-AUSENTE": 0.6153846153846154,
    "PARTICIPANTE-VEREADOR-PRESENTE": 0.9705093833780161,
    "PARTICIPANTE-VEREADOR-SUBSTITUIDO": 0.4,
    "TIPO-REUNIAO-EXTRAORDINARIA": 0.0,
    "TIPO-REUNIAO-ORDINARIA": 0.9500000000000001
  }
}