{
  "macro_precision": 0.7509027159027161,
  "macro_recall": 0.7327304964539006,
  "macro_f1": 0.7197803822498271,
  "micro_precision": 0.9335260115606936,
  "micro_recall": 0.9416909620991254,
  "micro_f1": 0.9375907111756168
}