{
  "DATA": 1.0,
  "HORARIO-FIM": 1.0,
  "HORARIO-INICIO": 1.0,
  "LOCAL": 0.8571428571428572,
  "NUMERO-ATA": 0.9795918367346939,
  "PARTICIPANTE-PRESIDENTE-PRESENTE": 1.0,
  "PARTICIPANTE-PRESIDENTE-SUBSTITUIDO": 0.0,
  "PARTICIPANTE-VEREADOR-AUSENTE": 0.6086956521739131,
  "PARTICIPANTE-VEREADOR-PRESENTE": 0.9779005524861879,
  "PARTICIPANTE-VEREADOR-SUBSTITUIDO": 0.4444444444444445,
  "TIPO-REUNIAO-EXTRAORDINARIA": 0.6666666666666666,
  "TIPO-REUNIAO-ORDINARIA": 0.972972972972973
}