{
  "GLOBAL": {
    "DATA": 0.9166666666666666,
    "HORARIO-FIM": 0.85,
    "HORARIO-INICIO": 1.0,
    "LOCAL": 0.8571428571428572,
    "NUMERO-ATA": 1.0,
    "PARTICIPANTE-PRESIDENTE-PRESENTE": 0.9583333333333334,
    "PARTICIPANTE-PRESIDENTE-SUBSTITUIDO": 0.0,
    "PARTICIPANTE-VEREADOR-AUSENTE": 0.5925925925925927,
    "PARTICIPANTE-VEREADOR-PRESENTE": 0.9784946236559139,
    "PARTICIPANTE-VEREADOR-SUBSTITUIDO": 0.4,
    "TIPO-REUNIAO-EXTRAORDINARIA": 0.0,
    "TIPO-REUNIAO-ORDINARIA": 0.8636363636363636
  }
}