{
  "macro_precision": 0.7303685189490815,
  "macro_recall": 0.7206737588652482,
  "macro_f1": 0.7014055364189774,
  "micro_precision": 0.9224137931034483,
  "micro_recall": 0.9358600583090378,
  "micro_f1": 0.9290882778581765
}