{
  "GLOBAL": {
    "DATA": 0.7659574468085107,
    "HORARIO-FIM": 0.6486486486486486,
    "HORARIO-INICIO": 0.9090909090909091,
    "LOCAL": 1.0,
    "NUMERO-ATA": 0.9795918367346939,
    "PARTICIPANTE-PRESIDENTE-PRESENTE": 1.0,
    "PARTICIPANTE-PRESIDENTE-SUBSTITUIDO": 0.0,
    "PARTICIPANTE-VEREADOR-AUSENTE": 0.761904761904762,
    "PARTICIPANTE-VEREADOR-PRESENTE": 0.9731182795698924,
    "PARTICIPANTE-VEREADOR-SUBSTITUIDO": 0.36363636363636365,
    "TIPO-REUNIAO-EXTRAORDINARIA": 0.6666666666666666,
    "TIPO-REUNIAO-ORDINARIA": 0.9743589743589743
  }
}