{
  "macro_precision": 0.78922890302366,
  "macro_recall": 0.7396749408983451,
  "macro_f1": 0.7535811572849518,
  "micro_precision": 0.937125748502994,
  "micro_recall": 0.9125364431486881,
  "micro_f1": 0.9246676514032497
}