{
  "GLOBAL": {
    "DATA": 0.7916666666666667,
    "HORARIO-FIM": 0.6976744186046512,
    "HORARIO-INICIO": 0.9090909090909091,
    "LOCAL": 0.9500000000000001,
    "NUMERO-ATA": 1.0,
    "PARTICIPANTE-PRESIDENTE-PRESENTE": 0.9787234042553191,
    "PARTICIPANTE-PRESIDENTE-SUBSTITUIDO": 0.0,
    "PARTICIPANTE-VEREADOR-AUSENTE": 0.7272727272727272,
    "PARTICIPANTE-VEREADOR-PRESENTE": 0.9811320754716981,
    "PARTICIPANTE-VEREADOR-SUBSTITUIDO": 0.6666666666666666,
    "TIPO-REUNIAO-EXTRAORDINARIA": 1.0,
    "TIPO-REUNIAO-ORDINARIA": 1.0
  }
}