{
  "macro_precision": 0.795649699057575,
  "macro_recall": 0.838451536643026,
  "macro_f1": 0.8085189056690533,
  "micro_precision": 0.9331395348837209,
  "micro_recall": 0.9358600583090378,
  "micro_f1": 0.9344978165938864
}